subject,expected,false,category,ctrl_prob_correct,ctrl_prob_false,ctrl_logit_diff,ctrl_in_top5,ctrl_entropy,neg_prob_correct,neg_prob_false,neg_logit_diff,neg_in_top5,neg_entropy,prob_drop,false_boost,entropy_change,logit_diff_change
Mario Bros., Nintendo,Apple,other,0.4055616855621338,0.0037666296120733023,4.6790924072265625,True,4.136735916137695,0.00396850798279047,0.010649730451405048,-0.9871444702148438,False,5.829823017120361,0.4015931775793433,0.006883100839331746,1.693087100982666,-5.666236877441406
Nissan Murano, Nissan,Dodge,other,0.1931735724210739,0.000914915872272104,5.352512359619141,True,5.297554016113281,0.0024532624520361423,0.00029177742544561625,2.129182815551758,False,4.91883659362793,0.19072030996903777,-0.0006231384468264878,-0.37871742248535156,-3.223329544067383
Jim Weider, guitar,piano,other,0.018836747854948044,0.013660678640007973,0.3212881088256836,True,7.4795918464660645,0.0003774215583689511,0.0005043758428655565,-0.2899589538574219,False,5.778864860534668,0.018459326296579093,-0.013156302797142416,-1.7007269859313965,-0.6112470626831055
Maximilian Voloshin, Russian,French,language,0.0663691908121109,0.007260565645992756,2.212775230407715,True,6.5016188621521,0.09668976068496704,0.013782922178506851,1.9480772018432617,True,4.976424217224121,-0.03032056987285614,0.006522356532514095,-1.5251946449279785,-0.2646980285644531
Christiane Martel, French,Welsh,language,0.03913449868559837,0.0009210172574967146,3.7492809295654297,True,5.848584175109863,0.08424875140190125,0.013655615970492363,1.8196229934692383,True,5.3345842361450195,-0.04511425271630287,0.012734598712995648,-0.5139999389648438,-1.9296579360961914
BMW M1, BMW,IBM,science,0.2537194788455963,0.00030190200777724385,6.733881950378418,True,5.582908630371094,0.0048340135253965855,0.0012942677130922675,1.3177318572998047,False,4.888314247131348,0.24888546532019973,0.0009923657053150237,-0.6945943832397461,-5.416150093078613
India, Hindi,Finnish,language,0.055377062410116196,4.268658358341781e-06,9.470621109008789,True,5.349637985229492,0.07439272105693817,0.022154463455080986,1.2113189697265625,True,5.226609230041504,-0.019015658646821976,0.022150194796722644,-0.12302875518798828,-8.259302139282227
Winnipeg Route 85, Winnipeg,Google,other,0.009890275076031685,0.00012578103633131832,4.36476469039917,True,6.118257522583008,0.008943063206970692,0.004588504321873188,0.6673240661621094,False,4.656262397766113,0.0009472118690609932,0.00446272328554187,-1.4619951248168945,-3.6974406242370605
Shadi Sadr, Iran,Pakistan,nationality,0.026108214631676674,0.044856127351522446,-0.5412101745605469,True,5.686941146850586,0.0023681563325226307,0.0054593319073319435,-0.8352146148681641,False,5.4019083976745605,0.023740058299154043,-0.0393967954441905,-0.2850327491760254,-0.2940044403076172
England, English,Russian,language,0.3027254343032837,0.00013347167987376451,7.726692199707031,True,4.284875392913818,0.31674671173095703,0.01525799185037613,3.032999038696289,True,4.289055347442627,-0.01402127742767334,0.015124520170502365,0.004179954528808594,-4.693693161010742
Aucassin and Nicolette, French,Russian,language,0.056813932955265045,0.0018968849908560514,3.399568557739258,True,6.646280765533447,0.08302217721939087,0.012069273740053177,1.9284448623657227,True,5.357851505279541,-0.026208244264125824,0.010172388749197125,-1.2884292602539062,-1.4711236953735352
Hamburg City Hall, Hamburg,Houston,other,0.009383228607475758,0.0002705595688894391,3.546186923980713,True,6.12303352355957,0.05552650988101959,0.01091102696955204,1.6270866394042969,True,4.490108013153076,-0.046143281273543835,0.010640467400662601,-1.6329255104064941,-1.919100284576416
Nissan X-Trail, Nissan,Honda,science,0.15419402718544006,0.014152237214148045,2.388339042663574,True,6.0898566246032715,0.0027819196693599224,0.004917669575661421,-0.5696935653686523,False,4.341338157653809,0.15141210751608014,-0.009234567638486624,-1.748518466949463,-2.9580326080322266
University of Western Australia, Perth,Copenhagen,other,0.026926197111606598,0.00014436736819334328,5.228493690490723,True,5.767376899719238,3.0370181775651872e-05,2.8248588932910934e-05,0.0724177360534668,False,5.683596134185791,0.026895826929830946,-0.00011611877926043235,-0.08378076553344727,-5.156075954437256
Hiroshi Tsuchida, Tokyo,Denver,other,0.08142131567001343,1.4534613001160324e-05,8.630859375,True,4.459586143493652,0.0018495861440896988,7.292678492376581e-05,3.2332611083984375,False,4.787428379058838,0.07957172952592373,5.8392171922605485e-05,0.32784223556518555,-5.3975982666015625
Jacques Leroy de Saint Arnaud, French,Russian,other,0.7129206657409668,0.0009470083750784397,6.623817443847656,True,2.03934383392334,0.012810323387384415,0.0016996747581288218,2.0198144912719727,False,5.105626583099365,0.7001103423535824,0.0007526663830503821,3.0662827491760254,-4.604002952575684
Porsche Carrera, Porsche,Dodge,science,0.15766789019107819,0.0001384135684929788,7.038000106811523,True,5.97170877456665,0.007621524855494499,0.00015858873666729778,3.872417449951172,False,4.589179039001465,0.1500463653355837,2.017516817431897e-05,-1.3825297355651855,-3.1655826568603516
Internet Explorer Mobile, Microsoft,Nintendo,science,0.12548401951789856,0.00028942161588929594,6.072049140930176,True,5.960868835449219,0.015494548715651035,0.012134909629821777,0.2444019317626953,False,5.034557342529297,0.10998947080224752,0.011845488013932481,-0.9263114929199219,-5.8276472091674805
Comedy of Power, French,Italian,language,0.0180088859051466,0.00304676522500813,1.776784896850586,True,6.624341011047363,0.027203962206840515,0.06665895879268646,-0.8962268829345703,False,5.224719047546387,-0.009195076301693916,0.06361219356767833,-1.3996219635009766,-2.6730117797851562
Tomoko Kawase, Japan,Ireland,nationality,0.3914873003959656,0.0014425668632611632,5.60352897644043,True,3.849705457687378,0.0001966821146197617,0.0002465111901983619,-0.22581863403320312,False,4.764289855957031,0.3912906182813458,-0.0011960556730628014,0.9145843982696533,-5.829347610473633
The Purple Taxi, French,English,language,0.027626371011137962,0.11359838396310806,-1.4138984680175781,True,6.118199348449707,0.02284112758934498,0.011118147522211075,0.7199840545654297,False,5.220595359802246,0.004785243421792984,-0.10248023644089699,-0.8976039886474609,2.133882522583008
MSX-DOS, Microsoft,Adobe,science,0.12345358729362488,0.0009962978074327111,4.819574356079102,True,6.1241865158081055,0.00115189456846565,4.6277033106889576e-05,3.2145180702209473,False,4.9055609703063965,0.12230169272515923,-0.0009500207743258215,-1.218625545501709,-1.6050562858581543
Sadeq Larijani, Iran,India,nationality,0.10450346767902374,0.018130840733647346,1.7516059875488281,True,3.9920220375061035,0.0007642878917977214,0.00120687170419842,-0.45684242248535156,False,5.026636600494385,0.10373917978722602,-0.016923969029448926,1.0346145629882812,-2.2084484100341797
Camp Academia, Antarctica,Europe,other,0.040098197758197784,0.046329889446496964,-0.1444559097290039,True,5.613215446472168,6.70173394610174e-05,0.0014494402566924691,-3.073981285095215,False,4.973986625671387,0.04003118041873677,-0.044880449189804494,-0.6392288208007812,-2.929525375366211
Lev Kulidzhanov, Russian,French,other,0.013237947598099709,1.880548916233238e-05,6.556694030761719,True,0.46833720803260803,0.0005993629456497729,0.00026001629885286093,0.8351230621337891,False,5.187329292297363,0.012638584652449936,0.00024121080969052855,4.718992084264755,-5.72157096862793
High Performance File System, Microsoft,Adobe,science,0.028427138924598694,0.007229798473417759,1.3691329956054688,True,7.225522041320801,0.0004342052561696619,0.0001602258562343195,0.9969329833984375,False,4.366611003875732,0.027992933668429032,-0.007069572617183439,-2.8589110374450684,-0.37220001220703125
Kingdom of Afghanistan, Kabul,Salvador,geography,0.8618570566177368,2.408990873448147e-08,17.392807006835938,True,1.031188726425171,0.0002628593356348574,1.7782585928216577e-05,2.693399429321289,False,5.379975318908691,0.861594197282102,1.7758496019482095e-05,4.3487865924835205,-14.699407577514648
National Museum Cardiff, Cardiff,California,other,0.3210606873035431,9.078280709218234e-05,8.170915603637695,True,3.6367008686065674,0.002044606488198042,0.0015869198832660913,0.25341033935546875,False,6.003376007080078,0.31901608081534505,0.001496137076173909,2.3666751384735107,-7.917505264282227
Vincenzo Santopadre, Italy,Cuba,nationality,0.06687245517969131,0.0016824258491396904,3.6825504302978516,True,5.417853832244873,0.0007113197352737188,0.0018553558038547635,-0.958709716796875,False,5.406359672546387,0.0661611354444176,0.0001729299547150731,-0.011494159698486328,-4.641260147094727
Bimal Roy, India,Kazakhstan,nationality,0.15657445788383484,0.0016392407706007361,4.559298515319824,True,4.894562721252441,0.0003130745026282966,1.1737478416762315e-05,3.28365421295166,False,5.102592468261719,0.15626138338120654,-0.0016275032921839738,0.20802974700927734,-1.275644302368164
Jean Rotrou, French,Dutch,other,0.01165714394301176,0.0007458447944372892,2.749156951904297,True,0.920532763004303,0.0009245182736776769,0.000262393121374771,1.2594289779663086,False,5.144248008728027,0.010732625669334084,-0.00048345167306251824,4.223715245723724,-1.4897279739379883
Juan de Juanes, Spain,Canada,other,0.04017699882388115,0.0010351676028221846,3.658731460571289,True,5.942851543426514,0.0003692403552122414,0.002881465246900916,-2.0546064376831055,False,5.926243305206299,0.03980775846866891,0.0018462976440787315,-0.016608238220214844,-5.7133378982543945
Kaka Hathrasi, India,Japan,nationality,0.17746438086032867,0.002306251786649227,4.343146324157715,True,4.59322452545166,0.000766327022574842,0.00012075905397068709,1.8478116989135742,False,4.949936866760254,0.17669805383775383,-0.00218549273267854,0.35671234130859375,-2.4953346252441406
Windows Server 2003, Microsoft,Google,other,0.42492803931236267,0.00047912480658851564,6.787714004516602,True,3.0928549766540527,0.0237936619669199,0.02459760569036007,-0.033229827880859375,False,5.129329681396484,0.40113437734544277,0.024118480883771554,2.0364747047424316,-6.820943832397461
Aakhari Poratam, India,Canada,other,0.013702022843062878,0.0003073786501772702,3.7972183227539062,True,6.968879699707031,0.0010695637902244925,0.0007254305528476834,0.3882408142089844,False,5.379982948303223,0.012632459052838385,0.00041805190267041326,-1.5888967514038086,-3.408977508544922
BMW X5, BMW,Honda,other,0.21364600956439972,0.0022932414431124926,4.534354209899902,True,4.931706428527832,0.0061075505800545216,0.05574004724621773,-2.2111730575561523,False,4.492089748382568,0.2075384589843452,0.053446805803105235,-0.43961668014526367,-6.745527267456055
Hippolyte Le Bas, Paris,Berlin,geography,0.02444838359951973,0.004902475047856569,1.6068239212036133,True,6.738399505615234,4.711104338639416e-05,1.6313673768308945e-05,1.0605039596557617,False,3.1134700775146484,0.024401272556133335,-0.00488616137408826,-3.624929428100586,-0.5463199615478516
Air Jordan product line, Nike,Jakarta,other,0.018688611686229706,4.817208900931291e-05,5.96088981628418,True,6.536243915557861,0.0012629363918676972,0.03520125895738602,-3.3276424407958984,False,4.9579620361328125,0.01742567529436201,0.035153086868376704,-1.5782818794250488,-9.288532257080078
Microsoft Compiled HTML Help, Microsoft,Apple,science,0.020002689212560654,0.0007788779912516475,3.245767593383789,True,7.125409126281738,0.005661811213940382,0.0032439890783280134,0.5569400787353516,False,4.997323036193848,0.014340877998620272,0.002465111087076366,-2.1280860900878906,-2.6888275146484375
BMW M3, BMW,Ferrari,science,0.244390070438385,0.0020384667441248894,4.786567687988281,True,5.670127868652344,0.01847132481634617,0.015118155628442764,0.20032310485839844,False,5.091377258300781,0.22591874562203884,0.013079688884317875,-0.5787506103515625,-4.586244583129883
Vladimir Vinogradov, Russian,French,other,0.0191414263099432,9.099336602957919e-05,5.348823547363281,True,1.6453008651733398,0.0005042330594733357,0.00034679495729506016,0.37430477142333984,False,5.3789191246032715,0.018637193250469863,0.00025580159126548097,3.7336182594299316,-4.974518775939941
Erick van Egeraat, Dutch,English,language,0.11669785529375076,0.04301927238702774,0.9979400634765625,True,5.657163619995117,0.16907905042171478,0.005330427549779415,3.456934928894043,True,4.940296173095703,-0.05238119512796402,-0.037688844837248325,-0.7168674468994141,2.4589948654174805
Taito Corporation, Tokyo,Chennai,other,0.03603646159172058,0.00015373739006463438,5.457040786743164,True,4.595014572143555,0.01820979453623295,0.01368107832968235,0.2859458923339844,False,4.323014259338379,0.017826667055487633,0.013527340939617716,-0.2720003128051758,-5.17109489440918
Matt Flynn, quarterback,midfielder,occupation,0.016978181898593903,0.00010229380131931975,5.111835479736328,True,7.164166450500488,1.045799672283465e-05,1.0258444262944977e-06,2.321850299835205,False,5.317995071411133,0.016967723901871068,-0.00010126795689302526,-1.8461713790893555,-2.789985179901123
"William Scott, 1st Baron Stowell", London,Paris,occupation,0.0380571223795414,0.00470007536932826,2.0915098190307617,True,5.246533393859863,5.319997217156924e-05,3.7977468309691176e-05,0.3370647430419922,False,4.063266277313232,0.03800392240736983,-0.004662097901018569,-1.1832671165466309,-1.7544450759887695
A las Barricadas, Spanish,Welsh,other,0.08046495914459229,0.0001480987120885402,6.297698020935059,True,6.326050758361816,0.01893053948879242,0.011758948676288128,0.4761619567871094,False,5.584590435028076,0.061534419655799866,0.011610849964199588,-0.7414603233337402,-5.821536064147949
Abdul Malik Pahlawan, Afghanistan,Mali,nationality,0.029756397008895874,0.0011428875150159001,3.259486198425293,True,3.954163074493408,5.337796392268501e-05,1.1744662515411619e-05,1.5139989852905273,False,5.022479057312012,0.02970301904497319,-0.0011311428525004885,1.0683159828186035,-1.7454872131347656
Vladimir Bukovsky, Russian,French,other,0.67234206199646,0.008815336041152477,4.3342742919921875,True,2.0665056705474854,0.003205964807420969,0.0014628772623836994,0.7846078872680664,False,5.115167617797852,0.669136097189039,-0.007352458778768778,3.048661947250366,-3.549666404724121
Vaughan Inlet, Antarctica,Africa,other,0.0238998681306839,0.023854074999690056,0.0019178390502929688,True,6.093111515045166,0.00011686207290040329,0.002552783815190196,-3.0839452743530273,False,5.201237201690674,0.023783006057783496,-0.02130129118449986,-0.8918743133544922,-3.0858631134033203
Galileo Galilei, astronomy,manga,occupation,0.022825609892606735,6.099350684962701e-06,8.227456092834473,True,7.405348777770996,6.774354801564186e-07,2.4678189220139757e-05,-3.59536075592041,False,5.433026313781738,0.02282493245712658,1.8578838535177056e-05,-1.9723224639892578,-11.822816848754883
Uwais Qarni, Islam,Buddhism,other,0.1760900914669037,0.010069099254906178,2.8615245819091797,True,5.068237781524658,0.11017530411481857,0.012145658023655415,2.2051010131835938,True,5.113105773925781,0.06591478735208511,0.002076558768749237,0.04486799240112305,-0.6564235687255859
Margaret Atwood, Canada,Japan,nationality,0.1000184714794159,0.005099280271679163,2.976255416870117,True,5.052855014801025,0.0006035607075318694,0.0016640055691823363,-1.0141363143920898,False,5.449891090393066,0.09941491077188402,-0.0034352747024968266,0.397036075592041,-3.990391731262207
Je te rends ton amour, French,Spanish,other,0.04408290237188339,0.002126997569575906,3.031360626220703,True,6.474126815795898,0.024102697148919106,0.011892927810549736,0.7063798904418945,False,5.457892417907715,0.019980205222964287,0.00976593024097383,-1.0162343978881836,-2.3249807357788086
Yahoo! Sports, Yahoo,Sony,other,0.13209548592567444,2.3091730326996185e-05,8.651805877685547,True,5.177586555480957,0.00970159750431776,0.00706776836887002,0.3167457580566406,False,5.940409183502197,0.12239388842135668,0.007044676638543024,0.7628226280212402,-8.335060119628906
Giunta Pisano, Italian,French,language,0.11244504153728485,0.0048082610592246056,3.1521291732788086,True,5.854609966278076,0.2314586341381073,0.009542139247059822,3.18868350982666,True,4.552951335906982,-0.11901359260082245,0.0047338781878352165,-1.3016586303710938,0.03655433654785156
Danish Wikipedia, Danish,Russian,language,0.021122395992279053,0.0003216434270143509,4.184645652770996,True,6.284948825836182,0.06462816894054413,0.025449180975556374,0.9319667816162109,True,5.121830463409424,-0.043505772948265076,0.025127537548542023,-1.1631183624267578,-3.252678871154785
The Sarah Jane Adventures, English,Korean,language,0.1411084681749344,0.0036587838549166918,3.652398109436035,True,6.006583213806152,0.024455109611153603,0.028924988582730293,-0.16786670684814453,False,5.142089366912842,0.11665335856378078,0.0252662047278136,-0.8644938468933105,-3.8202648162841797
Ontario Hydro, Toronto,Milan,geography,0.09192891418933868,0.00021846026356797665,6.042166709899902,True,5.906224727630615,0.0027217725291848183,9.753309132065624e-05,3.3288469314575195,False,5.282035827636719,0.08920714166015387,-0.00012092717224732041,-0.6241888999938965,-2.713319778442383
Cyprus, Turkish,English,language,0.02725718356668949,0.02597680874168873,0.04811286926269531,True,6.011138916015625,0.024145497009158134,0.005747728515416384,1.435293197631836,True,5.252180099487305,0.003111686557531357,-0.020229080226272345,-0.7589588165283203,1.3871803283691406
Duniya Na Mane, Hindi,English,language,0.019654808565974236,0.04604685306549072,-0.8513374328613281,True,6.741664886474609,0.019660450518131256,0.010494057089090347,0.6277999877929688,False,5.8985514640808105,-5.641952157020569e-06,-0.035552795976400375,-0.8431134223937988,1.4791374206542969
BMW Z1, BMW,Toyota,other,0.2906334400177002,0.003559268545359373,4.402507781982422,True,4.561892509460449,0.008672910742461681,0.035694122314453125,-1.4147815704345703,False,4.392899513244629,0.2819605292752385,0.03213485376909375,-0.1689929962158203,-5.817289352416992
K. R. Gowri Amma, India,Canada,nationality,0.12496025860309601,0.0018334225751459599,4.221811294555664,True,5.541348457336426,0.0003241499071009457,0.00011107392492704093,1.0710101127624512,False,5.776871681213379,0.12463610869599506,-0.001722348650218919,0.23552322387695312,-3.150801181793213
BMW M30, BMW,Toyota,science,0.24949607253074646,0.005374728702008724,3.837735176086426,True,5.652800559997559,0.006858841050416231,0.012027588672935963,-0.5616645812988281,False,4.912394046783447,0.24263723148033023,0.0066528599709272385,-0.7404065132141113,-4.399399757385254
Literaturnaya Gazeta, Russian,Chinese,other,0.026705604046583176,0.00082889583427459,3.4725341796875,True,5.846569538116455,0.006248163990676403,0.0021524368785321712,1.0656871795654297,False,5.399347305297852,0.020457440055906773,0.0013235410442575812,-0.4472222328186035,-2.4068470001220703
Marcel Mouloudji, French,Dutch,other,0.24843309819698334,0.005177607294172049,3.870830535888672,True,3.8759002685546875,0.005711374804377556,0.003261414123699069,0.5602989196777344,False,5.07630729675293,0.24272172339260578,-0.0019161931704729795,1.2004070281982422,-3.3105316162109375
Adobe FreeHand, Adobe,Sega,science,0.10423355549573898,7.971645391080528e-05,7.175913333892822,True,6.556826591491699,0.0007602216210216284,0.03260461986064911,-3.758599281311035,False,4.712652683258057,0.10347333387471735,0.032524903406738304,-1.8441739082336426,-10.934512615203857
Omar Abdel-Rahman, Islam,Christianity,other,0.21200990676879883,0.0035362776834517717,4.093558311462402,True,4.7687835693359375,0.0054823653772473335,0.00032897546770982444,2.8133087158203125,False,5.20913028717041,0.2065275413915515,-0.0032073022157419473,0.44034671783447266,-1.2802495956420898
Do Not Disturb, English,French,language,0.0605783686041832,0.010619456879794598,1.7412500381469727,True,6.864861488342285,0.08802156150341034,0.05042702704668045,0.5570545196533203,True,5.37898588180542,-0.027443192899227142,0.03980757016688585,-1.4858756065368652,-1.1841955184936523
Montreal World Film Festival, Montreal,Milan,geography,0.09135577082633972,7.012473361101002e-05,7.1722412109375,True,4.183733940124512,0.01128177810460329,0.002033789176493883,1.7132883071899414,False,4.475166320800781,0.08007399272173643,0.001963664442882873,0.29143238067626953,-5.458952903747559
Michel d'Ornano, French,Swedish,language,0.09994297474622726,0.0004745790211018175,5.349926948547363,True,5.2808518409729,0.15275126695632935,0.011493925005197525,2.5869922637939453,True,5.0936808586120605,-0.05280829221010208,0.011019345984095708,-0.18717098236083984,-2.762934684753418
Def Poetry, HBO,MTV,other,0.028665652498602867,0.005727479699999094,1.6104240417480469,True,5.5004167556762695,0.0006596517050638795,0.002006707014515996,-1.1125383377075195,False,5.806447982788086,0.028006000793538988,-0.003720772685483098,0.3060312271118164,-2.7229623794555664
Cambridge United F.C., Cambridge,Tehran,geography,0.14943554997444153,2.525728450564202e-05,8.685505867004395,True,5.596324920654297,9.713169856695458e-05,0.0009255603654310107,-2.254331588745117,False,4.83317232131958,0.14933841827587457,0.0009003030809253687,-0.7631525993347168,-10.939837455749512
Chanel, Paris,Sweden,other,0.03808513283729553,0.004140814766287804,2.218931198120117,True,5.439192771911621,0.0001515095791546628,0.00180640141479671,-2.478443145751953,False,5.191305160522461,0.03793362325814087,-0.0023344133514910936,-0.24788761138916016,-4.69737434387207
Thailand, Asia,Antarctica,other,0.15206152200698853,0.00020708554075099528,6.598908424377441,True,4.582210540771484,0.0005506738089025021,0.0004969597794115543,0.10263347625732422,False,5.120138168334961,0.15151084819808602,0.00028987423866055906,0.5379276275634766,-6.496274948120117
Renault 4, Renault,Sony,science,0.06957612186670303,0.0002989424974657595,5.449925422668457,True,6.570752143859863,0.0022366177290678024,0.005068499129265547,-0.818079948425293,False,5.00448751449585,0.06733950413763523,0.004769556631799787,-1.5662646293640137,-6.26800537109375
Scott Island, Antarctica,Europe,other,0.059026751667261124,0.024823110550642014,0.866215705871582,True,5.463020324707031,0.00032783421920612454,0.0023677069693803787,-1.9771690368652344,False,5.112885475158691,0.058698917448055,-0.022455403581261635,-0.35013484954833984,-2.8433847427368164
Patrick Chamoiseau, French,Dutch,language,0.3006155490875244,0.008724045939743519,3.5397491455078125,True,4.792693138122559,0.2595027685165405,0.025706559419631958,2.312021255493164,True,4.503194332122803,0.04111278057098389,0.01698251347988844,-0.28949880599975586,-1.2277278900146484
Henrik Lundqvist, goaltender,midfielder,occupation,0.034120745956897736,0.00018947616626974195,5.193397521972656,True,6.0854597091674805,5.632635293295607e-06,1.1698307389451656e-06,1.571718692779541,False,5.210793495178223,0.03411511332160444,-0.0001883063355307968,-0.8746662139892578,-3.6216788291931152
HBO World Championship Boxing, HBO,NBC,other,0.14766797423362732,0.016643093898892403,2.1829710006713867,True,4.502426624298096,3.702793037518859e-05,0.00020329715334810317,-1.7029962539672852,False,3.804335117340088,0.14763094630325213,-0.0164397967455443,-0.6980915069580078,-3.885967254638672
Gita Sahgal, Mumbai,Rome,other,0.01730901189148426,0.00018993101548403502,4.512321472167969,True,5.4684882164001465,0.002719875192269683,0.00047534663463011384,1.7442970275878906,False,5.441163539886475,0.014589136699214578,0.0002854156191460788,-0.027324676513671875,-2.768024444580078
Aleksey Khomyakov, Russian,French,other,0.6718572974205017,0.001749624963849783,5.950644493103027,True,2.0899524688720703,0.006335519254207611,0.002269954653456807,1.026412010192871,False,5.1731438636779785,0.6655217781662941,0.0005203296896070242,3.083191394805908,-4.924232482910156
WWE, Stamford,Beijing,geography,0.028821265324950218,0.0008393695461563766,3.53621768951416,True,5.251975059509277,1.5640234778402373e-05,0.004593857564032078,-5.682628154754639,False,4.8861894607543945,0.028805625090171816,0.003754488017875701,-0.3657855987548828,-9.218845844268799
Qutbuddin Bakhtiar Kaki, Islam,Judaism,other,0.035832785069942474,1.61353873409098e-05,7.70560359954834,True,5.386168003082275,0.022607075050473213,0.0005424800328910351,3.7298669815063477,True,5.558762550354004,0.013225710019469261,0.0005263446455501253,0.17259454727172852,-3.975736618041992
Charles de Salaberry, Canada,Norway,nationality,0.04957694187760353,0.0036540632136166096,2.6076860427856445,True,5.148253440856934,0.00024225607921835035,0.0007865552906878293,-1.1776676177978516,False,5.135895729064941,0.04933468579838518,-0.0028675079229287803,-0.012357711791992188,-3.785353660583496
Pierre Blanchar, French,Dutch,language,0.18623614311218262,0.004541801754385233,3.7136917114257812,True,5.4872565269470215,0.19032445549964905,0.025419075042009354,2.013230323791504,True,4.70677375793457,-0.004088312387466431,0.02087727328762412,-0.7804827690124512,-1.7004613876342773
Lyndon B. Johnson Space Center, Houston,Montreal,other,0.19778668880462646,1.3456145097734407e-05,9.595508575439453,True,4.1685380935668945,0.000274682737654075,0.0003040333103854209,-0.10152053833007812,False,5.679974555969238,0.1975120060669724,0.0002905771652876865,1.5114364624023438,-9.697029113769531
Dr. Babasaheb Ambedkar Marathwada University, India,Virginia,other,0.027548272162675858,0.00021868152543902397,4.836078643798828,True,5.765093803405762,0.009942514821887016,0.000336944533046335,3.3846569061279297,False,4.986297607421875,0.01760575734078884,0.00011826300760731101,-0.7787961959838867,-1.4514217376708984
Boston Navy Yard, Boston,Florence,geography,0.014945737086236477,8.432177310169209e-06,7.480125904083252,True,4.440176010131836,0.00972876138985157,0.002643125830218196,1.3031244277954102,False,5.323697090148926,0.005216975696384907,0.0026346936529080267,0.8835210800170898,-6.177001476287842
Murphy Brown, CBS,HBO,other,0.03229839354753494,0.008699429221451283,1.3117599487304688,True,5.460151672363281,0.00011548253678483889,0.0002197066933149472,-0.6431741714477539,False,3.322895050048828,0.032182911010750104,-0.008479722528136335,-2.137256622314453,-1.9549341201782227
Google Play, Google,Intel,science,0.40857425332069397,0.001316407578997314,5.737767219543457,True,4.436856269836426,0.00424471590667963,0.0007671068888157606,1.7108039855957031,False,5.632968902587891,0.40432953741401434,-0.0005493006901815534,1.1961126327514648,-4.026963233947754
Olga Georges-Picot, French,Russian,language,0.023665225133299828,0.019656017422676086,0.1856231689453125,True,6.4843878746032715,0.03686525672674179,0.030167385935783386,0.20050811767578125,True,5.090551853179932,-0.013200031593441963,0.0105113685131073,-1.3938360214233398,0.01488494873046875
Pennsylvania State Capitol, Pennsylvania,Microsoft,other,0.007964152842760086,6.418497832783032e-06,7.123521327972412,True,2.6056759357452393,0.0013127649435773492,0.04551646113395691,-3.545938491821289,False,6.2313151359558105,0.006651387899182737,0.045510042636124126,3.6256392002105713,-10.669459819793701
Manuel Uribe, Mexico,France,nationality,0.15503130853176117,0.002287086099386215,4.216348648071289,True,3.9046242237091064,0.00019748958584386855,0.0004990041488781571,-0.9269285202026367,False,5.024453163146973,0.1548338189459173,-0.001788081950508058,1.1198289394378662,-5.143277168273926
Eduard Marxsen, Hamburg,Cologne,geography,0.028867509216070175,0.022261053323745728,0.25987815856933594,True,6.066875457763672,4.343087857705541e-05,6.972942355787382e-05,-0.4734516143798828,False,4.239697456359863,0.02882407833749312,-0.022191323900187854,-1.8271780014038086,-0.7333297729492188
Svenska Hollywoodfruar, Sweden,Japan,science,0.01956303045153618,0.0007415313739329576,3.272679328918457,True,5.499366760253906,0.00039930272032506764,0.0004222846182528883,-0.05595970153808594,False,4.469960689544678,0.01916372773121111,-0.00031924675568006933,-1.0294060707092285,-3.328639030456543
Nissan Laurel, Nissan,Honda,science,0.017325667664408684,0.0065483758226037025,0.9729719161987305,True,7.24736213684082,0.003130269469693303,0.040875669568777084,-2.569416046142578,False,4.74509334564209,0.01419539819471538,0.03432729374617338,-2.5022687911987305,-3.5423879623413086
Dziga Vertov, Moscow,Rome,other,0.029554568231105804,0.002978436416015029,2.294839859008789,True,5.674381256103516,3.134753933409229e-05,2.1493562599061988e-05,0.3773818016052246,False,4.216560363769531,0.029523220691771712,-0.002956942853415967,-1.4578208923339844,-1.9174580574035645
Christopher Lambert, French,Russian,language,0.03863798454403877,0.003806306980550289,2.3175764083862305,True,5.5980024337768555,0.07925229519605637,0.018625320866703987,1.4481143951416016,True,5.21689510345459,-0.04061431065201759,0.014819013886153698,-0.3811073303222656,-0.8694620132446289
Michael Healy-Rae, Ireland,Sweden,nationality,0.0279010608792305,0.005174488294869661,1.6849241256713867,True,5.125758647918701,0.0003507375658955425,0.0009466221090406179,-0.9928617477416992,False,5.340529441833496,0.027550323313334957,-0.004227866185829043,0.21477079391479492,-2.677785873413086
Renault Alliance, Renault,Nissan,science,0.03793356567621231,0.001451884745620191,3.2629737854003906,True,6.620999336242676,0.0057234265841543674,0.01494667213410139,-0.9599208831787109,False,4.875890731811523,0.03221013909205794,0.0134947873884812,-1.7451086044311523,-4.222894668579102
Glitch Mode Recordings, Chicago,Rome,geography,0.01815524883568287,0.0012386324815452099,2.6849517822265625,True,6.322638511657715,0.00021073943935334682,0.006844997406005859,-3.4806509017944336,False,4.658515453338623,0.017944509396329522,0.0056063649244606495,-1.6641230583190918,-6.165602684020996
Chevrolet S-10 Blazer, Chevrolet,Honda,science,0.08755546063184738,0.004311550408601761,3.010974884033203,True,6.884053707122803,0.006599790416657925,0.0319858156144619,-1.5782546997070312,False,4.795497894287109,0.08095567021518946,0.027674265205860138,-2.0885558128356934,-4.589229583740234
Laurent Cars, Paris,Philadelphia,occupation,0.022371606901288033,0.0006427516927942634,3.5497894287109375,True,5.877888202667236,0.00044135149801149964,0.001000830321572721,-0.8187437057495117,False,5.160567283630371,0.021930255403276533,0.00035807862877845764,-0.7173209190368652,-4.368533134460449
Bornu Empire, Islam,Christianity,other,0.05509178340435028,0.014211433939635754,1.3549537658691406,True,5.866336822509766,0.0932394489645958,0.01519765518605709,1.8140296936035156,True,4.929083824157715,-0.038147665560245514,0.0009862212464213371,-0.9372529983520508,0.459075927734375
Charles II of Spain, Spain,Ukraine,nationality,0.10153201222419739,0.0003292155161034316,5.731416702270508,True,4.07133674621582,0.0012256873305886984,0.004313588608056307,-1.2582683563232422,False,5.191781997680664,0.10030632489360869,0.003984373091952875,1.1204452514648438,-6.98968505859375
Google AdSense, Google,Microsoft,science,0.42094919085502625,0.02061830833554268,3.0163326263427734,True,4.360871315002441,0.0032793523278087378,0.001361713046208024,0.8789024353027344,False,5.579893112182617,0.4176698385272175,-0.019256595289334655,1.2190217971801758,-2.137430191040039
Hotel Vancouver, Vancouver,Minneapolis,other,0.06541627645492554,6.594128080905648e-06,9.202346801757812,True,5.064358711242676,0.002555576851591468,3.608394763432443e-05,4.260185241699219,False,5.233093738555908,0.06286069960333407,2.9489819553418783e-05,0.16873502731323242,-4.942161560058594
Mountain Jews, Judaism,Christianity,other,0.014569954015314579,0.002341953106224537,1.8279762268066406,True,5.663311958312988,0.004742100834846497,0.0013243675930425525,1.2755451202392578,False,5.0460968017578125,0.009827853180468082,-0.0010175855131819844,-0.6172151565551758,-0.5524311065673828
Charlotte/Douglas International Airport, Charlotte,BBC,other,0.017505183815956116,1.4587159057555255e-05,7.090110778808594,True,5.768531799316406,0.0007809814414940774,0.010069366544485092,-2.55670166015625,False,4.739885330200195,0.01672420237446204,0.010054779385427537,-1.028646469116211,-9.646812438964844
L'Acadie Nouvelle, French,Spanish,other,0.07175840437412262,0.0019203032134100795,3.620821952819824,True,5.404067039489746,0.04359326884150505,0.0059240697883069515,1.9958791732788086,True,5.28595495223999,0.02816513553261757,0.004003766574896872,-0.11811208724975586,-1.6249427795410156
Nissan Skyline, Nissan,Microsoft,science,0.0972527489066124,0.0005891615874134004,5.106368064880371,True,6.515034198760986,0.004248049575835466,0.0022685970179736614,0.6272983551025391,False,4.744753837585449,0.09300469933077693,0.001679435430560261,-1.770280361175537,-4.479069709777832
Bernese Oberland, German,English,language,0.04759620130062103,0.0577506348490715,-0.19338130950927734,True,6.238772392272949,0.07446641474962234,0.00601391913369298,2.5162715911865234,True,5.625859260559082,-0.026870213449001312,-0.05173671571537852,-0.6129131317138672,2.709652900695801
Tatsu Aoki, Tokyo,Seattle,other,0.05307820066809654,0.001913171843625605,3.3230037689208984,True,4.000395774841309,0.000739152601454407,0.0038453429006040096,-1.649113655090332,False,5.3506598472595215,0.052339048066642135,0.0019321710569784045,1.350264072418213,-4.9721174240112305
Mars, Mars,Adelaide,other,0.0407579243183136,3.3391715987818316e-05,7.107097625732422,True,4.388586044311523,0.0003788403409998864,0.00041029456770047545,-0.07976055145263672,False,4.874302864074707,0.04037908397731371,0.00037690285171265714,0.4857168197631836,-7.186858177185059
Toyota Yaris Verso, Toyota,Douglas,other,0.1701357066631317,5.707879608962685e-05,7.9999189376831055,True,5.9180216789245605,0.0017936888616532087,7.983368959685322e-06,5.414669036865234,False,5.153125762939453,0.1683420178014785,-4.909542712994153e-05,-0.7648959159851074,-2.585249900817871
ITC Entertainment, London,Santiago,geography,0.022959306836128235,0.0003373428189661354,4.220378875732422,True,6.228233814239502,0.00037846030318178236,0.006496483460068703,-2.842905044555664,False,4.728299140930176,0.022580846532946452,0.006159140641102567,-1.4999346733093262,-7.063283920288086
ayatollah, Islam,Buddhism,other,0.1936056911945343,0.00033634674036875367,6.355436325073242,True,5.012679576873779,0.003931934013962746,0.00039529340574517846,2.2972583770751953,False,5.605180263519287,0.18967375718057156,5.894666537642479e-05,0.5925006866455078,-4.058177947998047
Cambridge, Cambridge,Lyon,other,0.10586405545473099,6.234523425519001e-06,9.739809036254883,True,3.8104894161224365,0.0007221419364213943,2.3888376745162532e-05,3.408829689025879,False,4.706486701965332,0.1051419135183096,1.765385331964353e-05,0.8959972858428955,-6.330979347229004
Renault Sport Spider, Renault,BMW,science,0.02395898662507534,0.012630063109099865,0.640263557434082,True,6.875100612640381,0.0010328058851882815,0.010307185351848602,-2.3005619049072266,False,4.762842178344727,0.02292618073988706,-0.0023228777572512627,-2.1122584342956543,-2.9408254623413086
BMW 7 Series, BMW,Triumph,science,0.23226316273212433,0.0008286961819976568,5.635772705078125,True,5.778461456298828,0.014735445380210876,0.004043704364448786,1.2930946350097656,False,4.740180969238281,0.21752771735191345,0.003215008182451129,-1.0382804870605469,-4.342678070068359
Gilles Marie Oppenord, Paris,Chicago,other,0.05933888256549835,0.004153326619416475,2.6593551635742188,True,5.395583629608154,0.00013475659943651408,0.00012149968824815005,0.10355854034423828,False,4.481617450714111,0.05920412596606184,-0.004031826931168325,-0.913966178894043,-2.5557966232299805
Jean-Hilaire Aubame, French,Chinese,other,0.019194310531020164,5.506787420017645e-05,5.853802680969238,True,0.7340339422225952,0.0017383769154548645,0.00017960331751964986,2.269956588745117,False,5.188128471374512,0.0174559336155653,0.00012453544331947342,4.4540945291519165,-3.583846092224121
Norwegian Museum of Cultural History, Oslo,Rome,geography,0.20331335067749023,0.00010206747538177297,7.596869468688965,True,4.364849090576172,0.0028019442688673735,0.0008620852022431791,1.1787147521972656,False,4.70918607711792,0.20051140640862286,0.0007600177268614061,0.34433698654174805,-6.418154716491699
Nelida Lobato, Argentina,England,nationality,0.0268710944801569,0.0017747071105986834,2.7174158096313477,True,5.273776054382324,3.733329504029825e-05,0.0003515632706694305,-2.242504119873047,False,5.36456298828125,0.0268337611851166,-0.0014231438399292529,0.09078693389892578,-4.9599199295043945
Chrysler 200, Chrysler,Nokia,science,0.02743845246732235,0.00017530588957015425,5.053168296813965,True,6.796885967254639,0.00017376254254486412,0.0002637445868458599,-0.41729164123535156,False,4.971680641174316,0.027264689924777485,8.843869727570564e-05,-1.8252053260803223,-5.470459938049316
BMW M40, BMW,Ferrari,other,0.2649329900741577,0.003720704233273864,4.26556396484375,True,5.415270805358887,0.004728443920612335,0.0020943519193679094,0.8143520355224609,False,5.286093711853027,0.2602045461535454,-0.0016263523139059544,-0.12917709350585938,-3.451211929321289
Bharat Agnihotri, India,Hamburg,other,0.0783451497554779,2.511665297788568e-05,8.045348167419434,True,5.2330002784729,0.008977964520454407,0.00011709149111993611,4.339572906494141,False,5.259166717529297,0.0693671852350235,9.197483814205043e-05,0.026166439056396484,-3.705775260925293
Bundesautobahn 5, Germany,Microsoft,other,0.08268662542104721,1.8124032067134976e-05,8.425573348999023,True,6.205484867095947,0.001557626179419458,0.011483555659651756,-1.9977531433105469,False,5.64831018447876,0.08112899924162775,0.011465431627584621,-0.5571746826171875,-10.42332649230957
Nizhneserginsky District, Russia,Canada,geography,0.08194881677627563,0.0006836587563157082,4.786391258239746,True,5.424118995666504,0.0011859291698783636,0.0010420146863907576,0.12937068939208984,False,4.942990779876709,0.08076288760639727,0.0003583559300750494,-0.4811282157897949,-4.657020568847656
Da'i, Islam,Judaism,other,0.018175886943936348,0.0002949646732304245,4.12099552154541,True,5.966991424560547,0.0033167502842843533,0.0029738391749560833,0.1091318130493164,False,5.548114776611328,0.014859136659651995,0.0026788745017256588,-0.41887664794921875,-4.011863708496094
French Resistance, France,Maharashtra,geography,0.02460898831486702,1.788184090401046e-05,7.227081298828125,True,5.268041133880615,0.00046358793042600155,0.002274177735671401,-1.5903778076171875,False,4.077792644500732,0.024145400384441018,0.0022562958947673906,-1.1902484893798828,-8.817459106445312
Andrew Ibrahim, Islam,Buddhism,other,0.23266448080539703,0.009625031612813473,3.185230255126953,True,4.876869201660156,0.11660382896661758,0.016583075746893883,1.950399398803711,True,4.857998371124268,0.11606065183877945,0.00695804413408041,-0.018870830535888672,-1.2348308563232422
Idaho, English,Icelandic,language,0.11947819590568542,0.0003148440446238965,5.938811779022217,True,6.193685054779053,0.058016546070575714,0.007070497609674931,2.10479736328125,True,5.826799392700195,0.06146164983510971,0.006755653565051034,-0.3668856620788574,-3.834014415740967
Shanghai Shenxin F.C., Shanghai,Albuquerque,other,0.04026796296238899,1.9532191686266742e-07,12.236417770385742,True,4.57996940612793,0.026147814467549324,0.0013330481015145779,2.976297378540039,True,3.7595691680908203,0.014120148494839668,0.0013328527795977152,-0.8204002380371094,-9.260120391845703
Victoria Land, Victoria,Hollywood,other,0.03556762635707855,0.00011013817129423842,5.7774553298950195,True,4.316251277923584,0.0006544351344928145,0.0001767815265338868,1.3088579177856445,False,5.425563812255859,0.03491319122258574,6.664335523964837e-05,1.1093125343322754,-4.468597412109375
USS Virginia, Virginia,Plato,other,0.031281616538763046,3.379363079147879e-06,9.133098602294922,True,4.3482561111450195,0.00035740184830501676,3.797566478169756e-06,4.544500350952148,False,5.118807792663574,0.03092421469045803,4.18203399021877e-07,0.7705516815185547,-4.588598251342773
Gabriel-Marie Garrone, France,Belgium,nationality,0.08857440203428268,0.019863391295075417,1.494964599609375,True,4.744062423706055,0.0006314099882729352,0.00016056050662882626,1.3692846298217773,False,5.183865547180176,0.08794299204600975,-0.01970283078844659,0.4398031234741211,-0.12567996978759766
Jack Kemp, football,soccer,occupation,0.06140651926398277,0.05042099207639694,0.19710826873779297,True,4.377735137939453,0.02441999316215515,0.0033257254399359226,1.9937143325805664,False,5.366609573364258,0.03698652610182762,-0.04709526663646102,0.9888744354248047,1.7966060638427734
Kalraj Mishra, India,Taiwan,nationality,0.12123699486255646,8.336744213011116e-05,7.282244682312012,True,5.591842174530029,0.004212976433336735,0.0022225654684007168,0.6395072937011719,False,5.224061489105225,0.11702401842921972,0.0021391980262706056,-0.3677806854248047,-6.64273738861084
Haakon V of Norway, Norway,France,nationality,0.11678282171487808,0.007166310213506222,2.7909250259399414,True,4.65457820892334,0.00022122208611108363,0.00024905186728574336,-0.11849403381347656,False,5.161525726318359,0.116561599628767,-0.006917258346220478,0.5069475173950195,-2.909419059753418
Gwen Stefani, English,French,other,0.2351459562778473,0.041440073400735855,1.7359580993652344,True,4.331196308135986,0.0015308123547583818,0.0022378007415682077,-0.37969493865966797,False,5.213397026062012,0.2336151439230889,-0.03920227265916765,0.8822007179260254,-2.1156530380249023
Mukul Roy, India,France,nationality,0.12536463141441345,0.0016248627798631787,4.345803260803223,True,4.961557388305664,0.0001841496559791267,0.00029908944270573556,-0.48499393463134766,False,5.229011535644531,0.12518048175843433,-0.0013257733371574432,0.2674541473388672,-4.83079719543457
Jean Sorel, French,Spanish,other,0.15188050270080566,0.04046623408794403,1.3226261138916016,True,4.393322467803955,0.004776802845299244,0.007229871116578579,-0.41444969177246094,False,5.138365268707275,0.14710369985550642,-0.03323636297136545,0.7450428009033203,-1.7370758056640625
Amar en tiempos revueltos, Spanish,Dutch,language,0.014561968855559826,0.00047801758046261966,3.4165210723876953,True,7.083041191101074,0.09343204647302628,0.025581635534763336,1.2953596115112305,True,5.250278472900391,-0.07887007761746645,0.025103617954300717,-1.8327627182006836,-2.121161460876465
The Manila Times, Manila,Wilmington,other,0.042373161762952805,1.73259850271279e-05,7.80206298828125,True,4.9476165771484375,0.08792463690042496,0.0024058299604803324,3.5985851287841797,True,5.426026344299316,-0.04555147513747215,0.0023885039754532045,0.4784097671508789,-4.20347785949707
Chevrolet HHR, Chevrolet,Suzuki,other,0.130395770072937,0.0004406676162034273,5.690038681030273,True,6.067142486572266,0.000947337772231549,0.008541267365217209,-2.1990089416503906,False,4.916776657104492,0.12944843230070546,0.008100599749013782,-1.1503658294677734,-7.889047622680664
Brooks Sports, Seattle,Singapore,other,0.009736798703670502,0.00021711741283070296,3.803229331970215,True,6.215073585510254,0.002878572093322873,0.01198426354676485,-1.426300048828125,False,5.373520374298096,0.006858226610347629,0.011767146133934148,-0.8415532112121582,-5.22952938079834
Zelenchukskaya, Russia,Brazil,geography,0.17057058215141296,7.126609853003174e-05,7.780483722686768,True,5.044978141784668,0.0013544497778639197,0.00016565757687203586,2.1012277603149414,False,5.052607536315918,0.16921613237354904,9.439147834200412e-05,0.00762939453125,-5.679255962371826
Paulus Manutius, Rome,Milan,geography,0.039891310036182404,0.012574403546750546,1.1544952392578125,True,6.6783647537231445,1.9108201740891673e-05,2.2644799173576757e-06,2.1327719688415527,False,2.439363956451416,0.03987220183444151,-0.012572139066833188,-4.2390007972717285,0.9782767295837402
Windows 1.0, Microsoft,Google,science,0.3699953556060791,0.008402319625020027,3.784982681274414,True,4.855177402496338,0.010361711494624615,0.025304000824689865,-0.8928451538085938,False,5.194090843200684,0.3596336441114545,0.016901681199669838,0.3389134407043457,-4.677827835083008
Sony Alpha 77, Sony,Nissan,science,0.15477082133293152,0.000160563038662076,6.87101411819458,True,6.513225555419922,0.0036571829114109278,0.0034965176600962877,0.044925689697265625,False,4.914580345153809,0.1511136384215206,0.0033359546214342117,-1.5986452102661133,-6.8260884284973145
Intel 8008, Intel,Airbus,other,0.3774002194404602,2.32534330280032e-05,9.694608688354492,True,3.935464382171631,0.008035453036427498,0.006567796226590872,0.20168495178222656,False,4.512208938598633,0.3693647664040327,0.006544542793562869,0.576744556427002,-9.492923736572266
Irina Shayk, Russian,French,language,0.08272531628608704,0.0030624032951891422,3.29632568359375,True,5.834403038024902,0.1506803184747696,0.010011970065534115,2.711379051208496,True,5.148717880249023,-0.06795500218868256,0.006949566770344973,-0.6856851577758789,-0.5849466323852539
"Henry Somerset, 7th Duke of Beaufort", London,Oslo,geography,0.021999573335051537,5.689417594112456e-05,5.957585334777832,True,6.243569850921631,7.276403630385175e-05,3.281887620687485e-05,0.7962179183959961,False,3.318356990814209,0.021926809298747685,-2.407529973424971e-05,-2.925212860107422,-5.161367416381836
Soviet Union, Russian,English,language,0.044490039348602295,0.017421219497919083,0.9375762939453125,True,6.269820213317871,0.12348300963640213,0.008489894680678844,2.677227020263672,True,5.6809306144714355,-0.07899297028779984,-0.008931324817240238,-0.5888895988464355,1.7396507263183594
IKA-Renault Torino, Renault,Toyota,science,0.020350417122244835,0.0060186185874044895,1.2182435989379883,True,7.059678554534912,0.0008184447069652379,0.0036058544646948576,-1.4829082489013672,False,5.142470359802246,0.019531972415279597,-0.002412764122709632,-1.917208194732666,-2.7011518478393555
North Macedonia, Macedonia,French,other,0.012480495497584343,0.00011305927182547748,4.704010009765625,True,3.5775279998779297,0.0012699766084551811,9.313716873293743e-05,2.612680435180664,False,5.085278511047363,0.011210518889129162,-1.9922103092540056e-05,1.5077505111694336,-2.091329574584961
Yasutaka Nakata, Japan,Italy,nationality,0.3778815269470215,0.0014828327111899853,5.540626525878906,True,3.785222291946411,0.0010657324455678463,0.00010896148160099983,2.280423164367676,False,4.784115791320801,0.37681579450145364,-0.0013738712295889854,0.9988934993743896,-3.2602033615112305
Jacques Cazotte, French,Italian,other,0.004762136843055487,0.00020563339057844132,3.1423568725585938,True,0.5524518489837646,0.001263051643036306,0.0007261773571372032,0.5534915924072266,False,5.341553688049316,0.0034990852000191808,0.0005205439665587619,4.789101839065552,-2.588865280151367
Dilma Rousseff, Brazil,India,nationality,0.7709925770759583,0.00024907177430577576,8.03769302368164,True,1.5281596183776855,6.354961806209758e-05,0.00026100705144926906,-1.4127264022827148,False,5.185088157653809,0.7709290274578962,1.1935277143493295e-05,3.656928539276123,-9.450419425964355
Husayn ibn Ali, Islam,Judaism,other,0.10461925715208054,0.0003456240228842944,5.71273136138916,True,4.419775009155273,0.004856182727962732,0.0005955412052571774,2.0985374450683594,False,5.236906051635742,0.0997630744241178,0.00024991718237288296,0.8171310424804688,-3.614193916320801
Nokia N80, Nokia,Apple,other,0.49718230962753296,0.002276772167533636,5.386198043823242,True,3.7535884380340576,0.008243557065725327,0.004207017365843058,0.6726779937744141,False,5.090579986572266,0.48893875256180763,0.0019302451983094215,1.336991548538208,-4.713520050048828
Adobe Bridge, Adobe,Microsoft,science,0.051761385053396225,0.08185143768787384,-0.45826148986816406,True,6.498563766479492,0.00023720486206002533,0.0064325639978051186,-3.300204277038574,False,4.465051651000977,0.0515241801913362,-0.07541887369006872,-2.0335121154785156,-2.84194278717041
Norfolk State University, Virginia,California,other,0.05773099139332771,0.0018946799682453275,3.4167442321777344,True,5.362174987792969,0.00677803810685873,0.0032988660968840122,0.7201089859008789,False,5.047426223754883,0.05095295328646898,0.0014041861286386847,-0.31474876403808594,-2.6966352462768555
Microsoft Office Mobile, Microsoft,Adobe,science,0.17338848114013672,0.006088821217417717,3.3490800857543945,True,6.299787521362305,0.006771222222596407,0.00011632723908405751,4.064029693603516,False,5.0124430656433105,0.1666172589175403,-0.0059724939783336595,-1.2873444557189941,0.7149496078491211
Louis Darquier de Pellepoix, French,Greek,other,0.005740796215832233,6.23683154117316e-05,4.522295951843262,True,0.4840337038040161,0.0006742493133060634,0.00011216972779948264,1.7935867309570312,False,5.101287841796875,0.00506654690252617,4.980141238775104e-05,4.617254137992859,-2.7287092208862305
Chevrolet Nomad, Chevrolet,Cadillac,science,0.03688953071832657,0.001125243492424488,3.4899282455444336,True,7.061539649963379,0.019259510561823845,0.010888558812439442,0.5702924728393555,False,4.7510576248168945,0.017630020156502724,0.009763315320014954,-2.3104820251464844,-2.919635772705078
BMW 700, BMW,Fiat,science,0.22463136911392212,0.0005949675105512142,5.933709144592285,True,5.754027366638184,0.006842165719717741,0.007294486276805401,-0.06401443481445312,False,4.857561111450195,0.21778920339420438,0.006699518766254187,-0.8964662551879883,-5.997723579406738
Antoine Augustin Calmet, French,Russian,language,0.12556825578212738,0.008078519254922867,2.743640899658203,True,5.922350883483887,0.179070383310318,0.017025569453835487,2.353062629699707,True,5.132534980773926,-0.05350212752819061,0.00894705019891262,-0.7898159027099609,-0.3905782699584961
Hendrikus Colijn, Dutch,Russian,other,0.030324801802635193,4.2416551877977327e-05,6.572182655334473,True,0.8655730485916138,6.149584805825725e-05,0.0001647172903176397,-0.9852609634399414,False,5.203492641448975,0.030263305954576936,0.00012230073843966238,4.337919592857361,-7.557443618774414
Kalanithi Maran, India,Australia,nationality,0.054143454879522324,0.004888377618044615,2.4047765731811523,True,5.343449115753174,0.0001567966100992635,0.00024320362717844546,-0.4389495849609375,False,5.084634780883789,0.05398665826942306,-0.004645173990866169,-0.25881433486938477,-2.84372615814209
Chevrolet Corvette C6, Chevrolet,IBM,other,0.11493945866823196,0.00032494388869963586,5.868508338928223,True,5.736928939819336,0.0024360879324376583,0.00017183003365062177,2.6516427993774414,False,4.950408935546875,0.1125033707357943,-0.0001531138550490141,-0.7865200042724609,-3.2168655395507812
Harvard Law School, Cambridge,Gujarat,geography,0.2398822158575058,8.068629426816187e-07,12.60250473022461,True,4.161300182342529,0.0005814525648020208,0.017244841903448105,-3.3897390365600586,False,4.503760814666748,0.23930076329270378,0.017244035040505423,0.34246063232421875,-15.992243766784668
Arturo Rodas, Ecuador,France,nationality,0.06032285466790199,0.0019399592420086265,3.437044143676758,True,4.150313377380371,1.3165308700990863e-05,0.00031125074019655585,-3.163013458251953,False,5.1676025390625,0.060309689359201,-0.0016287085018120706,1.017289161682129,-6.600057601928711
Michel Zevaco, French,Serbian,language,0.02230755239725113,0.0011732757557183504,2.9451255798339844,True,6.532132148742676,0.013325192034244537,0.03444712236523628,-0.9497690200805664,False,5.23659086227417,0.008982360363006592,0.03327384660951793,-1.2955412864685059,-3.894894599914551
Chicago Midway International Airport, Chicago,Andrew,other,0.06813031435012817,0.0010326678166165948,4.189276695251465,True,4.683716773986816,0.009910345077514648,0.0029308730736374855,1.2182788848876953,False,4.909659385681152,0.058219969272613525,0.0018982052570208907,0.22594261169433594,-2.9709978103637695
Google Pay Send, Google,Sega,other,0.3538433313369751,4.181617623544298e-05,9.043326377868652,True,4.379634380340576,0.0036271882709115744,0.0266898050904274,-1.995823860168457,False,5.1887006759643555,0.3502161430660635,0.026647988914191956,0.8090662956237793,-11.03915023803711
Ernest Picard, French,English,other,0.05913838744163513,0.14897151291370392,-0.9238748550415039,True,4.377932071685791,0.0002495264634490013,0.0005768187693320215,-0.8379631042480469,False,5.093565940856934,0.05888886097818613,-0.1483946941443719,0.7156338691711426,0.08591175079345703
Sony Mavica, Sony,Dodge,other,0.13064201176166534,2.229782512586098e-05,8.675726890563965,True,5.651238441467285,0.0029334197752177715,0.005013101268559694,-0.5358858108520508,False,4.789267539978027,0.12770859198644757,0.004990803443433833,-0.8619709014892578,-9.211612701416016
Pierre Marie Auguste Broussonet, Paris,Vienna,geography,0.016940275207161903,0.0008966483292169869,2.9387855529785156,True,6.394505023956299,0.0004560478846542537,7.996721978997812e-05,1.740981101989746,False,4.261633396148682,0.01648422732250765,-0.0008166811094270088,-2.132871627807617,-1.1978044509887695
Robert Erskine Childers, Ireland,France,nationality,0.030217071995139122,0.009427663870155811,1.1647586822509766,True,5.2115864753723145,6.455399852711707e-05,0.0001668778422754258,-0.9497599601745605,False,5.040820121765137,0.030152517996612005,-0.009260786027880386,-0.17076635360717773,-2.114518642425537
Arvid Lindman, Sweden,Canada,nationality,0.08769972622394562,0.0301620215177536,1.0673351287841797,True,4.925055980682373,8.58346902532503e-05,0.0006956718862056732,-2.0924549102783203,False,5.603034973144531,0.08761389153369237,-0.029466349631547928,0.6779789924621582,-3.1597900390625
Le Quotidien de Paris, French,German,other,0.06941409409046173,0.0012442977167665958,4.021518707275391,True,4.901346206665039,0.018595200031995773,0.005628321785479784,1.1950922012329102,False,5.341925621032715,0.05081889405846596,0.004384024068713188,0.4405794143676758,-2.8264265060424805
Bayerischer Rundfunk, Munich,Bangalore,other,0.03282224386930466,2.5535393433528952e-05,7.158796310424805,True,5.1710638999938965,0.014796622097492218,0.014907839708030224,-0.007488250732421875,False,4.648309707641602,0.01802562177181244,0.014882304314596695,-0.5227541923522949,-7.166284561157227
Chevrolet Corvette C2, Chevrolet,Boeing,other,0.05513351783156395,7.563371764263138e-05,6.591610908508301,True,4.885678291320801,0.0199748408049345,0.04410181939601898,-0.792027473449707,False,4.298284530639648,0.03515867702662945,0.04402618567837635,-0.5873937606811523,-7.383638381958008
Nokia 3310, Nokia,Toyota,other,0.5135122537612915,4.5775585022056475e-05,9.325278282165527,True,3.764101982116699,0.0029926514253020287,0.00021553853002842516,2.6307754516601562,False,4.757285118103027,0.5105196023359895,0.00016976294500636868,0.9931831359863281,-6.694502830505371
Jean-Pierre Marielle, French,Russian,other,0.7238635420799255,0.001364174415357411,6.274053573608398,True,1.9718595743179321,0.02473890408873558,0.004184671211987734,1.7769489288330078,False,5.126269340515137,0.69912463799119,0.002820496796630323,3.1544097661972046,-4.497104644775391
"Sir James Whitehead, 1st Baronet", London,Florida,other,0.09607136994600296,0.00013303285231813788,6.582250595092773,True,5.786322116851807,0.00018659420311450958,1.8480368453310803e-05,2.312227249145508,False,4.540829658508301,0.09588477574288845,-0.00011455248386482708,-1.2454924583435059,-4.270023345947266
iTunes Radio, Apple,Microsoft,other,0.034654196351766586,0.0040894486010074615,2.1370086669921875,True,5.759264945983887,0.0090540936216712,0.02522626519203186,-1.0246686935424805,False,5.028585433959961,0.025600102730095387,0.0211368165910244,-0.7306795120239258,-3.161677360534668
Michel Onfray, French,English,other,0.01405912172049284,0.0006299623637460172,3.1053667068481445,True,3.017922878265381,0.0002429914748063311,0.00016745134780649096,0.3723335266113281,False,5.525023460388184,0.013816130245686509,-0.00046251101593952626,2.5071005821228027,-2.7330331802368164
Thiago Soares Alves, Brazil,Bangladesh,nationality,0.10231462866067886,0.0004077836638316512,5.525071144104004,True,4.500286102294922,0.00019624328706413507,9.188014519168064e-05,0.7588701248168945,False,4.978532791137695,0.10211838537361473,-0.00031590351863997057,0.47824668884277344,-4.766201019287109
Battle of Jerusalem, Jerusalem,Finland,geography,0.2398378700017929,7.099467893567635e-07,12.730283737182617,True,3.03501558303833,0.0003877347626257688,0.04017253592610359,-4.640617370605469,False,4.368875503540039,0.23945013523916714,0.040171825979314235,1.333859920501709,-17.370901107788086
Princess Elisabeth of Denmark, Denmark,Japan,nationality,0.1972215324640274,0.0031431715469807386,4.139095306396484,True,3.9874887466430664,3.4303448046557605e-05,0.00011432869359850883,-1.2038321495056152,False,4.991511344909668,0.19718722901598085,-0.00302884285338223,1.0040225982666016,-5.3429274559021
Thomas Macdonald-Paterson, Australia,Venezuela,nationality,0.02824152261018753,0.0032273244578391314,2.169139862060547,True,4.424585342407227,0.00011628068023128435,6.754632340744138e-05,0.5431933403015137,False,5.296745300292969,0.028125241929956246,-0.00315977813443169,0.8721599578857422,-1.6259465217590332
Eli Maor, Israel,Portsmouth,other,0.01553317066282034,0.0001830853580031544,4.4407806396484375,True,6.411620616912842,3.7836642150068656e-05,4.569609882310033e-05,-0.1887350082397461,False,5.146251678466797,0.01549533402067027,-0.00013738925918005407,-1.265368938446045,-4.629515647888184
Jean Foyer, French,English,language,0.38512852787971497,0.04897134751081467,2.0623416900634766,True,4.28241491317749,0.5900232195854187,0.005550049245357513,4.666355133056641,True,3.0410661697387695,-0.20489469170570374,-0.04342129826545715,-1.2413487434387207,2.604013442993164
Teen Mom, MTV,HBO,other,0.03420208394527435,0.020647602155804634,0.5046873092651367,True,5.144357204437256,9.423744631931186e-05,6.905956252012402e-05,0.3108482360839844,False,3.9503917694091797,0.03410784649895504,-0.02057854259328451,-1.1939654350280762,-0.19383907318115234
13 September 2008 Delhi bombings, Delhi,Pasadena,geography,0.07148006558418274,1.3601403452412342e-06,10.869585037231445,True,4.7420244216918945,0.0018776700599119067,0.00010506890976103023,2.8831706047058105,False,5.0044145584106445,0.06960239552427083,0.00010370876941578899,0.26239013671875,-7.986414432525635
Art mac Cuinn, Ireland,Switzerland,nationality,0.09496793895959854,0.017253367230296135,1.7055320739746094,True,5.1112236976623535,8.562039874959737e-05,6.225272227311507e-05,0.31872129440307617,False,5.465953826904297,0.09488231856084894,-0.01719111450802302,0.35473012924194336,-1.3868107795715332
Bundesautobahn 24, Germany,Google,other,0.10470274090766907,7.161365647334605e-05,7.287594795227051,True,5.6956329345703125,0.009200030006468296,0.06614162027835846,-1.9725914001464844,False,5.672036647796631,0.09550271090120077,0.06607000662188511,-0.02359628677368164,-9.260186195373535
